{
  "best_method": "GridSearch",
  "pillar_names": [
    "Temperature",
    "Heat Index",
    "AQI",
    "Drought",
    "Compound"
  ],
  "all_weights": {
    "Manual": [
      0.35,
      0.25,
      0.2,
      0.1,
      0.1
    ],
    "MI": [
      0.4969994714747048,
      0.13960269497106403,
      0.04063648806575463,
      0.07147058888012099,
      0.25129075660835554
    ],
    "LR": [
      0.4850383818740219,
      0.2125762622251666,
      0.09193118131070722,
      0.1785107092510639,
      0.03194346533904055
    ],
    "Optimize": [
      0.35034283595990084,
      0.24990204686885553,
      0.19985307030276195,
      0.09995102343424087,
      0.09995102343424087
    ],
    "GridSearch": [
      0.7262203180879362,
      0.039570139643878566,
      0.1474671850833933,
      0.039570139643878566,
      0.04717221754091334
    ]
  },
  "evaluations": {
    "Manual": {
      "Spearman_rho": 0.7388,
      "Macro_F1": 0.5543,
      "Weighted_F1": 0.7445,
      "Accuracy": 0.6925
    },
    "MI": {
      "Spearman_rho": 0.7477,
      "Macro_F1": 0.6795,
      "Weighted_F1": 0.8628,
      "Accuracy": 0.8574
    },
    "LR": {
      "Spearman_rho": 0.7508,
      "Macro_F1": 0.6392,
      "Weighted_F1": 0.8065,
      "Accuracy": 0.7674
    },
    "Optimize": {
      "Spearman_rho": 0.7388,
      "Macro_F1": 0.5581,
      "Weighted_F1": 0.7509,
      "Accuracy": 0.7009
    },
    "GridSearch": {
      "Spearman_rho": 0.7341,
      "Macro_F1": 0.7632,
      "Weighted_F1": 0.8932,
      "Accuracy": 0.8909
    }
  },
  "best_weights": [
    0.7262203180879362,
    0.039570139643878566,
    0.1474671850833933,
    0.039570139643878566,
    0.04717221754091334
  ]
}