{
  "best_method": "GridSearch",
  "pillar_names": [
    "Temperature",
    "Heat Index",
    "AQI",
    "Drought",
    "Compound"
  ],
  "all_weights": {
    "Manual": [
      0.35,
      0.25,
      0.2,
      0.1,
      0.1
    ],
    "MI": [
      0.4962594881785636,
      0.13939484029856636,
      0.042806764465762696,
      0.07102217926007788,
      0.2505167277970295
    ],
    "LR": [
      0.47997105668142986,
      0.2119212983579854,
      0.09751515872985479,
      0.17739805102854053,
      0.03319443520218931
    ],
    "Optimize": [
      0.3503428287651862,
      0.24990204892371226,
      0.19985307338657493,
      0.09995102446237297,
      0.0999510244621538
    ],
    "GridSearch": [
      0.7262203180879362,
      0.039570139643878566,
      0.1474671850833933,
      0.039570139643878566,
      0.04717221754091334
    ]
  },
  "evaluations": {
    "Manual": {
      "Spearman_rho": 0.7389,
      "Macro_F1": 0.5543,
      "Weighted_F1": 0.7442,
      "Accuracy": 0.6921
    },
    "MI": {
      "Spearman_rho": 0.7475,
      "Macro_F1": 0.6795,
      "Weighted_F1": 0.8627,
      "Accuracy": 0.8573
    },
    "LR": {
      "Spearman_rho": 0.7506,
      "Macro_F1": 0.6387,
      "Weighted_F1": 0.806,
      "Accuracy": 0.7669
    },
    "Optimize": {
      "Spearman_rho": 0.7389,
      "Macro_F1": 0.5582,
      "Weighted_F1": 0.7505,
      "Accuracy": 0.7005
    },
    "GridSearch": {
      "Spearman_rho": 0.7342,
      "Macro_F1": 0.7627,
      "Weighted_F1": 0.8932,
      "Accuracy": 0.8907
    }
  },
  "best_weights": [
    0.7262203180879362,
    0.039570139643878566,
    0.1474671850833933,
    0.039570139643878566,
    0.04717221754091334
  ],
  "optimal_intervals": [
    36.0,
    57.0,
    77.0
  ],
  "interval_method": "Grid Search"
}