{
  "city": "Nagpur",
  "normals": {
    "1": {
      "month": 1.0,
      "is_premonsoon": 0.0,
      "is_monsoon": 0.0,
      "temp_max_mean": 28.500903225806457,
      "temp_max_max": 31.635,
      "temp_max_p90": 30.649,
      "temp_max_p95": 30.9865,
      "temp_min_mean": 12.448419354838709,
      "temp_range_mean": 16.4558064516129,
      "temp_departure_mean": 6.661338147750939e-16,
      "heat_index_mean": 29.394105322061982,
      "heat_index_max": 33.40530539091037,
      "humidex_mean": 22.93525089605735,
      "humidity_mean": 53.94264516129033,
      "wind_mean": 2.560129032258064,
      "rainfall_total": 13.625,
      "rainfall_days": 1.8,
      "drought_days": 22.1,
      "dry_streak_max": 39.0,
      "aqi_mean": 133.27096774193546,
      "aqi_max": 196.4,
      "aqi_p75": 148.4,
      "n_heatwave_days": 0.0,
      "n_severe_hw_days": 0.0,
      "n_compound_days": 0.0,
      "n_triple_compound": 0.0,
      "max_consec_hot": 211.0,
      "composite_mean": 8.956301075268819,
      "composite_max": 12.015555555555556,
      "composite_p75": 10.083333333333334,
      "high_risk_fraction": 0.0,
      "warming_signal": 2.485511796379569e-15
    },
    "2": {
      "month": 2.0,
      "is_premonsoon": 0.0,
      "is_monsoon": 0.0,
      "temp_max_mean": 32.75624261083743,
      "temp_max_max": 36.228,
      "temp_max_p90": 35.4996,
      "temp_max_p95": 35.8021,
      "temp_min_mean": 15.561980295566503,
      "temp_range_mean": 17.78013273125342,
      "temp_departure_mean": 0.012791752324065831,
      "heat_index_mean": 33.11451718155956,
      "heat_index_max": 38.426547339468264,
      "humidex_mean": 27.34558702791462,
      "humidity_mean": 38.67244088669951,
      "wind_mean": 2.7527456896551725,
      "rainfall_total": 6.5489999999999995,
      "rainfall_days": 1.4,
      "drought_days": 19.2,
      "dry_streak_max": 42.333333333333336,
      "aqi_mean": 114.67339901477831,
      "aqi_max": 161.6,
      "aqi_p75": 125.825,
      "n_heatwave_days": 0.0,
      "n_severe_hw_days": 0.0,
      "n_compound_days": 0.0,
      "n_triple_compound": 0.0,
      "max_consec_hot": 239.22222222222223,
      "composite_mean": 13.387879036672139,
      "composite_max": 26.424444444444443,
      "composite_p75": 16.783055555555556,
      "high_risk_fraction": 0.0,
      "warming_signal": -7.549516567451064e-16
    },
    "3": {
      "month": 3.0,
      "is_premonsoon": 1.0,
      "is_monsoon": 0.0,
      "temp_max_mean": 37.57709677419355,
      "temp_max_max": 41.79299999999999,
      "temp_max_p90": 40.186,
      "temp_max_p95": 41.05900000000001,
      "temp_min_mean": 20.883387096774193,
      "temp_range_mean": 17.115591397849464,
      "temp_departure_mean": 7.401486830834377e-17,
      "heat_index_mean": 38.381110471469846,
      "heat_index_max": 43.425661175591046,
      "humidex_mean": 32.114175627240144,
      "humidity_mean": 29.67322580645162,
      "wind_mean": 3.0438225806451613,
      "rainfall_total": 13.468,
      "rainfall_days": 3.8,
      "drought_days": 18.5,
      "dry_streak_max": 39.44444444444444,
      "aqi_mean": 110.01612903225805,
      "aqi_max": 160.9,
      "aqi_p75": 121.95,
      "n_heatwave_days": 5.6,
      "n_severe_hw_days": 0.0,
      "n_compound_days": 10.0,
      "n_triple_compound": 1.4,
      "max_consec_hot": 262.6666666666667,
      "composite_mean": 35.95322580645161,
      "composite_max": 60.274444444444434,
      "composite_p75": 49.293888888888894,
      "high_risk_fraction": 0.1967741935483871,
      "warming_signal": 1.4210854715202005e-15
    },
    "4": {
      "month": 4.0,
      "is_premonsoon": 1.0,
      "is_monsoon": 0.0,
      "temp_max_mean": 41.08024848484848,
      "temp_max_max": 44.12400000000001,
      "temp_max_p90": 43.2727,
      "temp_max_p95": 43.64425000000001,
      "temp_min_mean": 25.41786666666666,
      "temp_range_mean": 16.138,
      "temp_departure_mean": -3.79942990649498e-15,
      "heat_index_mean": 43.718701381783234,
      "heat_index_max": 48.765349974951135,
      "humidex_mean": 36.080629629629634,
      "humidity_mean": 27.79061515151515,
      "wind_mean": 3.279948484848485,
      "rainfall_total": 20.943,
      "rainfall_days": 4.3,
      "drought_days": 16.9,
      "dry_streak_max": 38.0,
      "aqi_mean": 109.79,
      "aqi_max": 151.4,
      "aqi_p75": 123.225,
      "n_heatwave_days": 21.1,
      "n_severe_hw_days": 2.1,
      "n_compound_days": 16.9,
      "n_triple_compound": 3.2,
      "max_consec_hot": 82.77777777777777,
      "composite_mean": 59.75981481481482,
      "composite_max": 76.92555555555556,
      "composite_p75": 65.47583333333334,
      "high_risk_fraction": 0.7066666666666667,
      "warming_signal": 2.842170943040401e-15
    },
    "5": {
      "month": 5.0,
      "is_premonsoon": 1.0,
      "is_monsoon": 0.0,
      "temp_max_mean": 42.641899641577055,
      "temp_max_max": 45.87777777777777,
      "temp_max_p90": 45.077777777777776,
      "temp_max_p95": 45.47333333333333,
      "temp_min_mean": 28.450860215053766,
      "temp_range_mean": 14.191039426523297,
      "temp_departure_mean": -1.2335811384723961e-15,
      "heat_index_mean": 49.45234165493142,
      "heat_index_max": 58.61180917512641,
      "humidex_mean": 37.086899641577055,
      "humidity_mean": 32.173476702508964,
      "wind_mean": 2.5696057347670256,
      "rainfall_total": 36.16111111111111,
      "rainfall_days": 7.0,
      "drought_days": 13.0,
      "dry_streak_max": 32.44444444444444,
      "aqi_mean": 107.46236559139786,
      "aqi_max": 161.66666666666666,
      "aqi_p75": 115.16666666666667,
      "n_heatwave_days": 25.77777777777778,
      "n_severe_hw_days": 6.222222222222222,
      "n_compound_days": 13.333333333333334,
      "n_triple_compound": 1.7777777777777777,
      "max_consec_hot": 36.22222222222222,
      "composite_mean": 62.589892473118276,
      "composite_max": 79.10666666666667,
      "composite_p75": 70.60444444444445,
      "high_risk_fraction": 0.8315412186379928,
      "warming_signal": 3.9968028886505635e-15
    },
    "6": {
      "month": 6.0,
      "is_premonsoon": 0.0,
      "is_monsoon": 1.0,
      "temp_max_mean": 37.330074074074076,
      "temp_max_max": 44.08555555555555,
      "temp_max_p90": 42.141222222222225,
      "temp_max_p95": 43.050000000000004,
      "temp_min_mean": 27.220444444444446,
      "temp_range_mean": 10.10962962962963,
      "temp_departure_mean": -2.220446049250313e-15,
      "heat_index_mean": 49.62947170912742,
      "heat_index_max": 57.797226182718795,
      "humidex_mean": 31.775074074074073,
      "humidity_mean": 58.32014814814814,
      "wind_mean": 2.8968888888888893,
      "rainfall_total": 168.78444444444443,
      "rainfall_days": 19.555555555555557,
      "drought_days": 4.111111111111111,
      "dry_streak_max": 9.666666666666666,
      "aqi_mean": 77.24444444444445,
      "aqi_max": 120.11111111111111,
      "aqi_p75": 88.88888888888889,
      "n_heatwave_days": 8.88888888888889,
      "n_severe_hw_days": 2.0,
      "n_compound_days": 4.777777777777778,
      "n_triple_compound": 0.1111111111111111,
      "max_consec_hot": 35.0,
      "composite_mean": 32.1584074074074,
      "composite_max": 70.56888888888889,
      "composite_p75": 49.47888888888889,
      "high_risk_fraction": 0.2962962962962962,
      "warming_signal": -3.947459643111668e-15
    },
    "7": {
      "month": 7.0,
      "is_premonsoon": 0.0,
      "is_monsoon": 1.0,
      "temp_max_mean": 31.084695340501792,
      "temp_max_max": 34.154444444444444,
      "temp_max_p90": 33.059999999999995,
      "temp_max_p95": 33.48666666666667,
      "temp_min_mean": 24.55831541218638,
      "temp_range_mean": 6.526379928315412,
      "temp_departure_mean": 3.4293555649532614e-15,
      "heat_index_mean": 42.433192651653144,
      "heat_index_max": 49.66707712552591,
      "humidex_mean": 25.529695340501792,
      "humidity_mean": 83.67129032258066,
      "wind_mean": 2.9456451612903223,
      "rainfall_total": 471.95666666666665,