{
  "city": "Delhi",
  "normals": {
    "1": {
      "month": 1.0,
      "is_premonsoon": 0.0,
      "is_monsoon": 0.0,
      "temp_max_mean": 21.347580645161294,
      "temp_max_max": 26.022000000000002,
      "temp_max_p90": 23.966,
      "temp_max_p95": 24.8465,
      "temp_min_mean": 6.7627741935483865,
      "temp_range_mean": 15.058745519713263,
      "temp_departure_mean": -9.375216652390211e-16,
      "heat_index_mean": 24.62442724504925,
      "heat_index_max": 26.803743761119968,
      "humidex_mean": 16.079587813620073,
      "humidity_mean": 56.45000000000001,
      "wind_mean": 2.673064516129032,
      "rainfall_total": 28.943,
      "rainfall_days": 3.3,
      "drought_days": 17.1,
      "dry_streak_max": 39.55555555555556,
      "aqi_mean": 298.1274193548387,
      "aqi_max": 398.5,
      "aqi_p75": 341.1,
      "n_heatwave_days": 0.0,
      "n_severe_hw_days": 0.0,
      "n_compound_days": 0.0,
      "n_triple_compound": 0.0,
      "max_consec_hot": 184.0,
      "composite_mean": 13.348147670250896,
      "composite_max": 17.74111111111111,
      "composite_p75": 15.205,
      "high_risk_fraction": 0.0,
      "warming_signal": -3.552713678800501e-16
    },
    "2": {
      "month": 2.0,
      "is_premonsoon": 0.0,
      "is_monsoon": 0.0,
      "temp_max_mean": 26.45473275862069,
      "temp_max_max": 31.210999999999995,
      "temp_max_p90": 29.7806,
      "temp_max_p95": 30.28245,
      "temp_min_mean": 10.455321428571427,
      "temp_range_mean": 16.402123700054734,
      "temp_departure_mean": 0.010189254360446832,
      "heat_index_mean": 27.014659568965655,
      "heat_index_max": 31.19151985864204,
      "humidex_mean": 20.95144909688013,
      "humidity_mean": 48.23567118226602,
      "wind_mean": 3.0222561576354687,
      "rainfall_total": 12.49,
      "rainfall_days": 2.2,
      "drought_days": 17.1,
      "dry_streak_max": 22.666666666666668,
      "aqi_mean": 234.82463054187193,
      "aqi_max": 332.0,
      "aqi_p75": 275.425,
      "n_heatwave_days": 0.0,
      "n_severe_hw_days": 0.0,
      "n_compound_days": 0.0,
      "n_triple_compound": 0.0,
      "max_consec_hot": 212.22222222222223,
      "composite_mean": 11.836130268199234,
      "composite_max": 16.16111111111111,
      "composite_p75": 13.631666666666668,
      "high_risk_fraction": 0.0,
      "warming_signal": 0.0
    },
    "3": {
      "month": 3.0,
      "is_premonsoon": 1.0,
      "is_monsoon": 0.0,
      "temp_max_mean": 32.6691935483871,
      "temp_max_max": 38.852000000000004,
      "temp_max_p90": 37.078,
      "temp_max_p95": 38.05500000000001,
      "temp_min_mean": 16.063967741935485,
      "temp_range_mean": 17.062078853046597,
      "temp_departure_mean": -5.674473236973022e-16,
      "heat_index_mean": 32.889078094748356,
      "heat_index_max": 40.686402960608646,
      "humidex_mean": 27.21005376344086,
      "humidity_mean": 39.73051612903226,
      "wind_mean": 3.4108064516129035,
      "rainfall_total": 20.823,
      "rainfall_days": 3.7,
      "drought_days": 19.3,
      "dry_streak_max": 26.22222222222222,
      "aqi_mean": 183.15,
      "aqi_max": 259.5,
      "aqi_p75": 213.95,
      "n_heatwave_days": 1.3,
      "n_severe_hw_days": 0.0,
      "n_compound_days": 3.2,
      "n_triple_compound": 3.2,
      "max_consec_hot": 240.44444444444446,
      "composite_mean": 19.81408602150538,
      "composite_max": 56.8688888888889,
      "composite_p75": 27.037222222222223,
      "high_risk_fraction": 0.09999999999999999,
      "warming_signal": -2.509104035652854e-15
    },
    "4": {
      "month": 4.0,
      "is_premonsoon": 1.0,
      "is_monsoon": 0.0,
      "temp_max_mean": 38.400830303030304,
      "temp_max_max": 42.493,
      "temp_max_p90": 41.5098,
      "temp_max_p95": 42.0175,
      "temp_min_mean": 21.918633333333332,
      "temp_range_mean": 17.08425925925926,
      "temp_departure_mean": 2.0477446898641774e-15,
      "heat_index_mean": 39.77238210102861,
      "heat_index_max": 45.64731288894748,
      "humidex_mean": 33.70551851851852,
      "humidity_mean": 30.290842424242424,
      "wind_mean": 3.546207575757576,
      "rainfall_total": 11.303,
      "rainfall_days": 2.8,
      "drought_days": 19.2,
      "dry_streak_max": 29.22222222222222,
      "aqi_mean": 189.50666666666666,
      "aqi_max": 263.8,
      "aqi_p75": 215.075,
      "n_heatwave_days": 12.4,
      "n_severe_hw_days": 0.4,
      "n_compound_days": 16.7,
      "n_triple_compound": 15.0,
      "max_consec_hot": 97.22222222222223,
      "composite_mean": 51.06414814814814,
      "composite_max": 77.22555555555556,
      "composite_p75": 64.22166666666665,
      "high_risk_fraction": 0.51,
      "warming_signal": -2.3980817331903383e-15
    },
    "5": {
      "month": 5.0,
      "is_premonsoon": 1.0,
      "is_monsoon": 0.0,
      "temp_max_mean": 41.48440860215053,
      "temp_max_max": 46.19777777777778,
      "temp_max_p90": 45.059999999999995,
      "temp_max_p95": 45.739999999999995,
      "temp_min_mean": 26.5494623655914,
      "temp_range_mean": 14.934946236559139,
      "temp_departure_mean": 1.7270135938613546e-16,
      "heat_index_mean": 44.64295184282083,
      "heat_index_max": 51.217247342717805,
      "humidex_mean": 35.92940860215054,
      "humidity_mean": 28.33046594982079,
      "wind_mean": 2.5049641577060933,
      "rainfall_total": 43.227777777777774,
      "rainfall_days": 5.555555555555555,
      "drought_days": 14.666666666666666,
      "dry_streak_max": 26.555555555555557,
      "aqi_mean": 192.3225806451613,
      "aqi_max": 286.55555555555554,
      "aqi_p75": 223.66666666666666,
      "n_heatwave_days": 21.666666666666668,
      "n_severe_hw_days": 4.888888888888889,
      "n_compound_days": 17.22222222222222,
      "n_triple_compound": 13.88888888888889,
      "max_consec_hot": 21.0,
      "composite_mean": 61.84336917562723,
      "composite_max": 86.43777777777778,
      "composite_p75": 74.275,
      "high_risk_fraction": 0.7060931899641578,
      "warming_signal": 3.157967714489334e-15
    },
    "6": {
      "month": 6.0,
      "is_premonsoon": 0.0,
      "is_monsoon": 1.0,
      "temp_max_mean": 41.44425925925926,
      "temp_max_max": 46.11777777777778,
      "temp_max_p90": 45.035222222222224,
      "temp_max_p95": 45.46188888888889,
      "temp_min_mean": 29.319740740740745,
      "temp_range_mean": 12.124518518518519,
      "temp_departure_mean": -2.4178190314058966e-15,
      "heat_index_mean": 50.33431219996119,
      "heat_index_max": 57.62463758023073,
      "humidex_mean": 35.88925925925926,
      "humidity_mean": 38.708370370370375,
      "wind_mean": 2.5201111111111114,
      "rainfall_total": 73.49555555555555,
      "rainfall_days": 9.444444444444445,
      "drought_days": 8.11111111111111,
      "dry_streak_max": 16.88888888888889,
      "aqi_mean": 163.94074074074075,
      "aqi_max": 286.3333333333333,
      "aqi_p75": 191.30555555555554,
      "n_heatwave_days": 20.0,
      "n_severe_hw_days": 5.666666666666667,
      "n_compound_days": 11.777777777777779,
      "n_triple_compound": 6.555555555555555,
      "max_consec_hot": 19.666666666666668,
      "composite_mean": 59.415740740740745,
      "composite_max": 85.49444444444445,
      "composite_p75": 73.42583333333333,
      "high_risk_fraction": 0.6666666666666666,
      "warming_signal": -3.9968028886505635e-15
    },
    "7": {
      "month": 7.0,
      "is_premonsoon": 0.0,
      "is_monsoon": 1.0,
      "temp_max_mean": 36.236594982078856,
      "temp_max_max": 41.62222222222222,
      "temp_max_p90": 39.903333333333336,
      "temp_max_p95": 40.76,
      "temp_min_mean": 27.739928315412186,
      "temp_range_mean": 8.496666666666666,
      "temp_departure_mean": -2.6645352591003757e-15,
      "heat_index_mean": 52.22688308706919,
      "heat_index_max": 61.17320594866055,
      "humidex_mean": 30.681594982078852,
      "humidity_mean": 67.0379928315412,
      "wind_mean": 2.0756272401433695,
      "rainfall_total": 234.5922222222222,