{
  "city": "Hyderabad",
  "normals": {
    "1": {
      "month": 1.0,
      "is_premonsoon": 0.0,
      "is_monsoon": 0.0,
      "temp_max_mean": 29.2991935483871,
      "temp_max_max": 31.895000000000003,
      "temp_max_p90": 31.111,
      "temp_max_p95": 31.530499999999996,
      "temp_min_mean": 15.375516129032258,
      "temp_range_mean": 14.389390681003583,
      "temp_departure_mean": -2.507253663945145e-15,
      "heat_index_mean": 31.465879583981184,
      "heat_index_max": 35.87553994488736,
      "humidex_mean": 23.897867383512544,
      "humidity_mean": 59.32693548387097,
      "wind_mean": 2.853209677419355,
      "rainfall_total": 6.614,
      "rainfall_days": 1.1,
      "drought_days": 25.3,
      "dry_streak_max": 46.333333333333336,
      "aqi_mean": 118.98709677419353,
      "aqi_max": 151.7,
      "aqi_p75": 131.55,
      "n_heatwave_days": 0.0,
      "n_severe_hw_days": 0.0,
      "n_compound_days": 0.0,
      "n_triple_compound": 0.0,
      "max_consec_hot": 215.66666666666666,
      "composite_mean": 9.526873118279571,
      "composite_max": 11.492222222222223,
      "composite_p75": 11.021666666666667,
      "high_risk_fraction": 0.0,
      "warming_signal": -7.105427357601002e-16
    },
    "2": {
      "month": 2.0,
      "is_premonsoon": 0.0,
      "is_monsoon": 0.0,
      "temp_max_mean": 32.884385467980294,
      "temp_max_max": 35.854,
      "temp_max_p90": 35.13510000000001,
      "temp_max_p95": 35.521100000000004,
      "temp_min_mean": 17.247551724137928,
      "temp_range_mean": 16.23021209633279,
      "temp_departure_mean": -0.0006121971822437998,
      "heat_index_mean": 35.04689062822475,
      "heat_index_max": 39.7122206959358,
      "humidex_mean": 27.673285440613025,
      "humidity_mean": 46.342407635467985,
      "wind_mean": 2.9782567733990146,
      "rainfall_total": 1.191,
      "rainfall_days": 0.5,
      "drought_days": 24.4,
      "dry_streak_max": 64.0,
      "aqi_mean": 111.4481527093596,
      "aqi_max": 135.5,
      "aqi_p75": 120.65,
      "n_heatwave_days": 0.0,
      "n_severe_hw_days": 0.0,
      "n_compound_days": 0.0,
      "n_triple_compound": 0.0,
      "max_consec_hot": 243.88888888888889,
      "composite_mean": 13.939265188834153,
      "composite_max": 27.141111111111112,
      "composite_p75": 18.538333333333334,
      "high_risk_fraction": 0.0,
      "warming_signal": 3.552713678800501e-16
    },
    "3": {
      "month": 3.0,
      "is_premonsoon": 1.0,
      "is_monsoon": 0.0,
      "temp_max_mean": 36.72512903225807,
      "temp_max_max": 40.091,
      "temp_max_p90": 39.059000000000005,
      "temp_max_p95": 39.55550000000001,
      "temp_min_mean": 21.170967741935485,
      "temp_range_mean": 16.063405017921145,
      "temp_departure_mean": 3.824101529264428e-15,
      "heat_index_mean": 40.013227820536876,
      "heat_index_max": 46.725160342272275,
      "humidex_mean": 31.509121863799287,
      "humidity_mean": 39.27635483870968,
      "wind_mean": 3.1056451612903224,
      "rainfall_total": 9.507000000000001,
      "rainfall_days": 1.8,
      "drought_days": 22.7,
      "dry_streak_max": 72.77777777777777,
      "aqi_mean": 100.7,
      "aqi_max": 130.6,
      "aqi_p75": 112.1,
      "n_heatwave_days": 2.5,
      "n_severe_hw_days": 0.0,
      "n_compound_days": 9.0,
      "n_triple_compound": 0.4,
      "max_consec_hot": 270.6666666666667,
      "composite_mean": 32.73422939068101,
      "composite_max": 60.64111111111111,
      "composite_p75": 41.45611111111111,
      "high_risk_fraction": 0.10322580645161288,
      "warming_signal": -2.7977620220553944e-15
    },
    "4": {
      "month": 4.0,
      "is_premonsoon": 1.0,
      "is_monsoon": 0.0,
      "temp_max_mean": 39.106090909090916,
      "temp_max_max": 41.934,
      "temp_max_p90": 41.144800000000004,
      "temp_max_p95": 41.44780000000001,
      "temp_min_mean": 24.73331818181818,
      "temp_range_mean": 14.87277777777778,
      "temp_departure_mean": -4.736951571734001e-15,
      "heat_index_mean": 45.25053787486685,
      "heat_index_max": 50.45311232433759,
      "humidex_mean": 33.99722222222223,
      "humidity_mean": 38.79034545454546,
      "wind_mean": 3.219087878787879,
      "rainfall_total": 24.113000000000003,
      "rainfall_days": 4.2,
      "drought_days": 14.8,
      "dry_streak_max": 33.22222222222222,
      "aqi_mean": 95.15,
      "aqi_max": 125.0,
      "aqi_p75": 104.35,
      "n_heatwave_days": 12.5,
      "n_severe_hw_days": 0.0,
      "n_compound_days": 13.4,
      "n_triple_compound": 1.4,
      "max_consec_hot": 79.11111111111111,
      "composite_mean": 49.14000000000001,
      "composite_max": 67.43222222222222,
      "composite_p75": 58.473611111111104,
      "high_risk_fraction": 0.41666666666666663,
      "warming_signal": 0.0
    },
    "5": {
      "month": 5.0,
      "is_premonsoon": 1.0,
      "is_monsoon": 0.0,
      "temp_max_mean": 39.01465949820789,
      "temp_max_max": 42.70333333333334,
      "temp_max_p90": 41.69555555555556,
      "temp_max_p95": 42.101111111111116,
      "temp_min_mean": 26.272616487455196,
      "temp_range_mean": 12.742043010752688,
      "temp_departure_mean": 1.578983857244667e-15,
      "heat_index_mean": 47.791487875262,
      "heat_index_max": 55.01968513444368,
      "humidex_mean": 33.459659498207884,
      "humidity_mean": 44.654982078853045,
      "wind_mean": 2.729802867383513,
      "rainfall_total": 50.74555555555555,
      "rainfall_days": 10.222222222222221,
      "drought_days": 6.555555555555555,
      "dry_streak_max": 19.0,
      "aqi_mean": 87.78494623655914,
      "aqi_max": 125.0,
      "aqi_p75": 97.38888888888889,
      "n_heatwave_days": 13.88888888888889,
      "n_severe_hw_days": 0.0,
      "n_compound_days": 6.666666666666667,
      "n_triple_compound": 0.3333333333333333,
      "max_consec_hot": 15.333333333333334,
      "composite_mean": 44.76573476702509,
      "composite_max": 66.36555555555555,
      "composite_p75": 57.11,
      "high_risk_fraction": 0.44802867383512546,
      "warming_signal": 3.898116397572772e-15
    },
    "6": {
      "month": 6.0,
      "is_premonsoon": 0.0,
      "is_monsoon": 1.0,
      "temp_max_mean": 33.899518518518526,
      "temp_max_max": 39.37444444444444,
      "temp_max_p90": 37.476333333333336,
      "temp_max_p95": 38.186499999999995,
      "temp_min_mean": 24.517333333333333,
      "temp_range_mean": 9.382185185185186,
      "temp_departure_mean": -8.141635513917814e-16,
      "heat_index_mean": 42.92547930953868,
      "heat_index_max": 52.1935390289952,
      "humidex_mean": 28.344518518518516,
      "humidity_mean": 63.93522222222222,
      "wind_mean": 3.6740740740740736,
      "rainfall_total": 109.96222222222224,
      "rainfall_days": 17.333333333333332,
      "drought_days": 2.111111111111111,
      "dry_streak_max": 7.0,
      "aqi_mean": 61.87777777777777,
      "aqi_max": 98.0,
      "aqi_p75": 68.97222222222223,
      "n_heatwave_days": 2.111111111111111,
      "n_severe_hw_days": 0.0,
      "n_compound_days": 1.1111111111111112,
      "n_triple_compound": 0.0,
      "max_consec_hot": 26.666666666666668,
      "composite_mean": 15.03937037037037,
      "composite_max": 45.467777777777776,
      "composite_p75": 21.564444444444444,
      "high_risk_fraction": 0.07037037037037036,
      "warming_signal": -3.7007434154171886e-16
    },
    "7": {
      "month": 7.0,
      "is_premonsoon": 0.0,
      "is_monsoon": 1.0,
      "temp_max_mean": 30.651182795698926,
      "temp_max_max": 34.17,
      "temp_max_p90": 32.666666666666664,
      "temp_max_p95": 33.23833333333333,
      "temp_min_mean": 22.794336917562724,
      "temp_range_mean": 7.856845878136202,
      "temp_departure_mean": -1.1472304587793285e-15,
      "heat_index_mean": 38.642895675007985,
      "heat_index_max": 45.56361677470355,
      "humidex_mean": 25.096182795698923,
      "humidity_mean": 77.20784946236559,
      "wind_mean": 4.230913978494623,
      "rainfall_total": 230.66777777777781,